Lip Product,Brand,"Type of Lip Product",Shades,Price
NIVEA LIP BALM SOOTHE & PRTECT,Beiersdorf,Stick,1,29000
Extra lip tint,Bobbi Brown,Stick,7,345000
Perfect Matte Lip Coat,Dear Me Beauty,Liquid,6,129000
Creamytint,Emina,Liquid,5,44000
magic potion lip tint,Emina,Liquid,6,46000
Squeeze me up Lip Matte,Emina,Liquid,4,53500
Smoochies Lip balm,Emina,Solid,2,30500
Matte Lip Liquid,ESQA,Liquid,7,165000
Dear Darling Water gel tint,Etude House,Liquid,10,35000
Organic lip balm,Eucalie,Stick,1,79000
lip and cheek dual use liquid,Focallure,Liquid,7,129045
Melted Matte Lip,Goban Cosmetics,Liquid,5,78000
Sheen. Tinted lip balm + UV filter,HALE.,Stick,3,98000
Urban Lip Cream Matte,Implora,Liquid,12,24000
Beauty Lip & Cheeck Crayon,Indoganic,Crayon,3,129000
Vivid oil tint,Innisfree,Liquid,10,150000
Metallic Lip Cream,Inul Beauty,Liquid,4,89000
Infalible Pro Matte Lip Liquid,L'oreal,Liquid,4,150000
"Rouge Signature Liquid Matte
Lipstick",L'oreal,Liquid,10,150000
Color Riche Matte,L'oreal,Stick,45,75000
Intense Matte Lip Cream,Liquid,Liquid,12,110000
Longlasting Matte Lip Cream Metalic,LT Pro,Liquid,3,97500
Ultra Light Lip Stain,Luxcrime,Liquid,5,109000
Airy lip mousse,Luxcrime,Liquid,8,109000
Dew tinted 6hr lip moisturizer,Mad for Makeup,Stick,3,99000
magnifique lip tint,Madame Gie,Liquid,8,23000
Brilliant Glaze Lip Liquide,Madame Gie,Liquid,5,27000
Moist Velvet & Smooth Lip Liquide,Madame Gie,Liquid,6,30000
Hydrastay lip whip,Makeover,liquid,12,105000
"Powestay Transfer Proof Matte Lip
Cream",Makeover,Liquid,8,123000
Sensational Liquid Matte,Maybelline,Liquid,10,69000
color sensational lip tint,Maybelline,Liquid,5,119000
Super Stay Matte Ink,Maybelline,Liquid,44,125000
"Color sensational the powder
mattes",Maybelline,stick,24,55000
Hydra Lip Cheek Tint,Mineral Botanica,Liquid,4,51900
the one A-Z lip balm SPF 25,Oriflame,Stick,2,139000
Lip Cream,PIXY,Liquid,16,53700
2 in 1 color tint,Purbasari,Liquid,3,38500
Lip Cream Series,Raiku,Liquid,13,118000
SUEDED! Lip & Cheek Cream,"Rollover
Reaction",liquid,12,129000
Juicy Lip Balm,Rose All day,Stick,4,139000
Lip Color,Runa Beauty,Stick,5,138000
Lip Care,Sensatia Botanica,Liquid,4,60000
Coconut lip sleeping balm,Tiff Body,Liquid,1,69000
delight tony tint,Tony Moly,Liquid,3,28000
Exclusive Matte Lip Cream,Wardah,Liquid,20,62000
Colorfit Velvet Matte Lip Mousse,Wardah,Liquid,14,73000
Everyday Moisture Lip nutrition,Wardah,Stick,2,27000
Color Fit Ultralight Matte,Wardah,stick,5,43000
The Simplicity Love You tint,Y.O.U,Liquid,6,45000
